834845,401,Michel,Leonards,680,mleonards0@scientificamerican.com,(549) 4723597,633 Claremont Street,Littleton,Colorado,80127,440-31-1205
834846,401,Henrik,Champe,708,hchampe1@phoca.cz,(894) 2865360,38 Blackbird Trail,Littleton,Colorado,80161,340-01-6989
834847,401,Erich,Beaves,728,ebeaves2@goo.gl,(935) 4509823,7296 Forest Run Drive,Colorado Springs,Colorado,80935,574-19-7918
834848,403,Ulick,Sweetnam,805,usweetnam3@amazonaws.com,(733) 5882827,59997 Morning Road,Denver,Colorado,80204,272-84-5313
834849,403,Anabella,Somes,762,asomes4@paypal.com,(666) 7958522,00 Hansons Junction,Salt Lake City,Utah,84110,405-99-1898
834850,402,Tamar,Spare,777,tspare5@unblog.fr,(582) 2178795,40258 Warner Park,Colorado Springs,Colorado,80920,380-60-2232
834851,401,Carce,Knight,844,cknight6@xrea.com,(957) 9362938,507 Cottonwood Terrace,Pueblo,Colorado,81015,433-94-7400
834852,403,Kristine,Smeath,711,ksmeath7@weather.com,(201) 7019188,7944 Alpine Park,Denver,Colorado,80209,168-61-4264
834853,401,Lorry,Pickover,762,lpickover8@fema.gov,(364) 9111078,51 Jackson Parkway,Greeley,Colorado,80638,899-77-2638
834854,402,Delmar,MacCawley,773,dmaccawley9@constantcontact.com,(396) 6747392,4288 Loftsgordon Parkway,Colorado Springs,Colorado,80915,452-98-7959
834855,401,Randy,Sheringham,766,rsheringhama@newyorker.com,(429) 5659612,4 Pankratz Circle,Denver,Colorado,80255,305-09-0759
834856,402,Ninetta,Garfit,677,ngarfitb@jigsy.com,(456) 1569712,3 Anthes Junction,Denver,Colorado,80235,549-92-3890
834857,403,Sarette,Dutson,728,sdutsonc@sitemeter.com,(808) 1086696,2917 Springview Circle,Ogden,Utah,84403,778-78-3524
834858,403,Brittaney,Basant,743,bbasantd@merriam-webster.com,(942) 7731472,4 Milwaukee Place,Salt Lake City,Utah,84140,227-20-4821
834859,403,Arthur,Stonehewer,717,astonehewere@instagram.com,(444) 4227982,63 Havey Lane,Salt Lake City,Utah,84145,466-08-0054
834860,403,Kath,Raoul,800,kraoulf@who.int,(104) 1136381,1 Nobel Way,Denver,Colorado,80223,679-65-6825
834861,401,Henryetta,Comley,814,hcomleyg@bizjournals.com,(169) 9593391,92 Saint Paul Street,Salt Lake City,Utah,84199,146-38-2681
834862,402,Leroi,Davydychev,671,ldavydychevh@irs.gov,(480) 5920582,699 Golf Park,Salt Lake City,Utah,84140,763-78-6018
834863,403,Tiebout,Nevins,718,tnevinsi@cloudflare.com,(649) 2646273,947 Rigney Junction,Salt Lake City,Utah,84125,218-95-1922
834864,402,Kristan,Ashbey,785,kashbeyj@nydailynews.com,(163) 5727985,8 Lawn Court,Colorado Springs,Colorado,80951,810-53-9929
834865,403,Fancie,O'Fallone,798,fofallonek@ucla.edu,(784) 1869067,1445 Ryan Junction,Salt Lake City,Utah,84152,508-68-0538
834866,401,Standford,Tatters,707,stattersl@reference.com,(212) 4033307,4748 Stuart Hill,Denver,Colorado,80241,582-59-8309
834867,403,Gwennie,Colgrave,785,gcolgravem@gmpg.org,(468) 1062764,065 Westridge Crossing,Denver,Colorado,80270,394-54-1258
834868,401,Franky,Yateman,815,fyatemann@angelfire.com,(705) 5318634,30 Lakewood Alley,Littleton,Colorado,80126,720-34-9940
834869,403,Annadiane,Hallwell,669,ahallwello@adobe.com,(325) 1650000,11 Mcbride Crossing,Salt Lake City,Utah,84152,365-40-5993
834870,402,Deva,Mabe,684,dmabep@surveymonkey.com,(507) 5269103,5591 Lawn Park,Colorado Springs,Colorado,80930,707-84-9783
834871,402,Spenser,Flintiff,818,sflintiffq@vimeo.com,(798) 9072681,825 Sugar Way,Denver,Colorado,80243,114-02-6966
834872,401,Joscelin,Barney,807,jbarneyr@nps.gov,(385) 6557490,95768 Lyons Park,Pueblo,Colorado,81005,538-87-8513
834873,403,Sean,Hammerman,828,shammermans@sogou.com,(905) 7700640,1 Sage Junction,Colorado Springs,Colorado,80940,335-86-3632
834874,402,Stacy,Cashford,732,scashfordt@virginia.edu,(895) 6669876,5 Walton Circle,Pueblo,Colorado,81015,327-59-1638
834875,403,Gustave,Yellowlees,831,gyellowleesu@domainmarket.com,(503) 6285597,7 Park Meadow Point,Boulder,Colorado,80328,213-37-0423
834876,401,Garvin,Crannage,668,gcrannagev@4shared.com,(523) 2077253,5 Eggendart Parkway,Provo,Utah,84605,671-94-5848
834877,401,Matias,Drayson,760,mdraysonw@arizona.edu,(457) 7227521,090 West Drive,Littleton,Colorado,80127,323-95-9513
834878,401,Ruthie,Ambrosetti,698,rambrosettix@unicef.org,(535) 5066132,842 Westridge Pass,Salt Lake City,Utah,84115,373-06-6111
834879,401,Mariam,O'Kelly,803,mokellyy@themeforest.net,(797) 8651050,91794 Sheridan Court,Colorado Springs,Colorado,80925,482-83-4803
834880,402,Kerwinn,Frank,652,kfrankz@craigslist.org,(260) 8061302,90 Rutledge Plaza,Salt Lake City,Utah,84105,653-06-3585
834881,402,Alfy,Worsam,650,aworsam10@ehow.com,(882) 5043858,54 Welch Road,Colorado Springs,Colorado,80915,378-85-9853
834882,402,Sauncho,Brandsen,719,sbrandsen11@smugmug.com,(745) 3592700,0036 Jenifer Parkway,Provo,Utah,84605,671-32-9523
834883,403,Pascal,Balston,727,pbalston12@nature.com,(263) 5923988,46 Northland Point,Salt Lake City,Utah,84140,890-23-7232
834884,403,Inna,Pruvost,774,ipruvost13@berkeley.edu,(396) 7642896,8 Gina Way,Boulder,Colorado,80310,138-41-8337
834885,401,Izabel,Odam,662,iodam14@house.gov,(662) 1859242,24185 Forest Lane,Aurora,Colorado,80015,327-65-3351
834886,403,Winfred,Lemmanbie,819,wlemmanbie15@tinyurl.com,(825) 9584195,989 Sunfield Terrace,Greeley,Colorado,80638,399-21-2164
834887,402,Benedetta,Ramsay,758,bramsay16@google.de,(664) 1911344,9 Mariners Cove Place,Littleton,Colorado,80127,825-73-8190
834888,401,Tabbitha,Cartmell,842,tcartmell17@nsw.gov.au,(356) 5793865,54 Goodland Parkway,Salt Lake City,Utah,84189,607-07-1667
834889,402,Arielle,Reader,719,areader18@wisc.edu,(672) 5133427,69 Anniversary Circle,Denver,Colorado,80291,839-30-4363
834890,401,Amerigo,Daborn,666,adaborn19@shutterfly.com,(568) 1066568,1 Grasskamp Avenue,Denver,Colorado,80243,122-56-0480
834891,403,Sophronia,Drust,712,sdrust1a@uiuc.edu,(106) 8209650,0248 Westend Trail,Colorado Springs,Colorado,80920,705-22-3158
834892,401,Phylys,Asche,833,pasche1b@state.gov,(183) 5405969,0615 Browning Way,Salt Lake City,Utah,84135,634-22-5897
834893,401,Roana,Heindrich,673,rheindrich1c@weather.com,(991) 1520898,7 Hoard Trail,Denver,Colorado,80291,495-81-9642
834894,401,Herman,McEwan,705,hmcewan1d@ow.ly,(361) 3266717,9 Corscot Center,Salt Lake City,Utah,84110,696-47-0881
